{
  "rmse": 1.9811939147081585,
  "mae": 1.4003959922962244,
  "r2_score": 0.18025946594027675,
  "explained_variance": 0.18120430661108788,
  "mape": Infinity
}