{
  "train": {
    "auc": 0.8567667294468743,
    "accuracy": 77.18260010594712,
    "precision": 0.7843371473536203,
    "recall": 0.7624265192705094,
    "f1_score": 0.7732266461838191,
    "log_loss": 0.47184913664938993
  },
  "val": {
    "auc": 0.5436284131256851,
    "accuracy": 53.98043817064651,
    "precision": 0.5518486486486487,
    "recall": 0.45434801958166443,
    "f1_score": 0.4983744203075421,
    "log_loss": 0.7105226864365549
  },
  "test": {
    "auc": 0.5335686315893782,
    "accuracy": 52.67787167533241,
    "precision": 0.5220470375659371,
    "recall": 0.6413591242313303,
    "f1_score": 0.5755851083057866,
    "log_loss": 0.7302716266743122
  }
}