{
  "rmse": 1.8214715234995662,
  "mae": 1.2546662773483412,
  "r2_score": 0.308590659364831,
  "explained_variance": 0.3086063270199122,
  "mape": 132.00645049953422
}