{
  "train": {
    "auc": 0.7010293878750066,
    "accuracy": 50.86977833962282,
    "precision": 0.5086977833962282,
    "recall": 1.0,
    "f1_score": 0.6743534576568397,
    "log_loss": 0.6916653183101793
  },
  "val": {
    "auc": 0.47859213781344817,
    "accuracy": 46.709915285243866,
    "precision": 0.4670991528524387,
    "recall": 1.0,
    "f1_score": 0.6367656227519064,
    "log_loss": 0.6946365563329001
  },
  "test": {
    "auc": 0.4662359050994856,
    "accuracy": 51.482849604221634,
    "precision": 0.5148284960422164,
    "recall": 1.0,
    "f1_score": 0.6797185257437469,
    "log_loss": 0.6930109362671952
  }
}