{
  "rmse": 1.7698596418445862,
  "mae": 1.2495662606487778,
  "r2_score": 0.2887610703160619,
  "explained_variance": 0.28883294645720103,
  "mape": 133.34022525879345
}