{
  "rmse": 1.891284238375803,
  "mae": 1.3163462616319854,
  "r2_score": 0.315480200794126,
  "explained_variance": 0.31555639956444026,
  "mape": 135.0760858677023
}