{
  "train": {
    "auc": 0.8470194903284913,
    "accuracy": 76.29499331570959,
    "precision": 0.7706627472815407,
    "recall": 0.7525375891004601,
    "f1_score": 0.7614923290081818,
    "log_loss": 0.48817512394689166
  },
  "val": {
    "auc": 0.5124913458950578,
    "accuracy": 49.06279023950916,
    "precision": 0.4695164541299966,
    "recall": 0.7098847383984068,
    "f1_score": 0.5652064239468595,
    "log_loss": 0.8002627495234941
  },
  "test": {
    "auc": 0.5011875139030316,
    "accuracy": 49.71398416886543,
    "precision": 0.5143760247460321,
    "recall": 0.4158944922782561,
    "f1_score": 0.45992246714677587,
    "log_loss": 0.7456400013567981
  }
}