{
  "model_name": "model_1d",
  "ensemble_accuracy": 0.5367,
  "cv_accuracy_mean": 0.5315666666666666,
  "cv_accuracy_std": 0.0035928942217784508,
  "feature_count": 170,
  "training_samples": 40000,
  "test_samples": 10000,
  "total_samples": 50000,
  "training_time": "20250806_194020",
  "gpu_optimized": true
}