{
  "best_ic": 0.00042865733972899264,
  "final_ic": -0.0007651159305844124,
  "final_rank_ic": 0.004766056286754264,
  "final_mse": 10.525860786437988,
  "final_r2": -4.124641418457031e-05,
  "final_loss": 10.524390154386822
}