epoch,train_loss,train_ic,val_loss,val_ic,val_rank_ic,val_mse,val_r2
0,11.532612109355789,0.003554319325639608,10.631853451047625,,,10.60131549835205,5.960464477539063e-08
1,11.59640695036744,-0.004455809159760288,10.634908751079015,,,10.604138374328613,-0.00026619434356689453
2,11.630229466253047,-0.007256394380597565,10.632721427508763,,,10.60206413269043,-7.05718994140625e-05
3,11.564173046633494,0.006143529815665713,10.631862061364311,,,10.60135269165039,-3.4570693969726562e-06
4,11.52724249585927,-0.0002850287529469728,10.63241548538208,,,10.601784706115723,-4.410743713378906e-05
