{
  "train": {
    "rmse": 2.6803469174612,
    "mae": 1.7331247537508683,
    "mape": 171882413.397842,
    "r2_score": 0.47217693018393314,
    "directional_accuracy": 71.8784627943935
  },
  "val": {
    "rmse": 2.7714194712499314,
    "mae": 1.7879639511077332,
    "mape": 109747460.8777442,
    "r2_score": 0.022340551530568686,
    "directional_accuracy": 60.596886587965535
  },
  "test": {
    "rmse": 2.7108821180300144,
    "mae": 1.75820828454237,
    "mape": 174280824.69077194,
    "r2_score": -0.02379030963448403,
    "directional_accuracy": 48.35529998701258
  }
}