{
  "train": {
    "precision": 0.6090109496861745,
    "recall": 0.7631556386961196,
    "f1_score": 0.677425240077621,
    "accuracy": 62.98199218959927,
    "auc": 0.6648163535074522,
    "log_loss": 0.6856611099196702
  },
  "val": {
    "precision": 0.5381492360742349,
    "recall": 0.7166283264261227,
    "f1_score": 0.6146953817804907,
    "accuracy": 55.05098682000779,
    "auc": 0.5692786084395388,
    "log_loss": 0.6909372069614833
  }
}