{
  "train": {
    "rmse": 3.188014492850074,
    "mae": 2.0564106551795085,
    "mape": 37596007.5854583,
    "r2_score": 0.030677387456283345,
    "directional_accuracy": 54.655985204097014
  },
  "val": {
    "rmse": 2.8396598280492653,
    "mae": 1.7800076886432572,
    "mape": 40550874.93387367,
    "r2_score": 0.0029489322654808747,
    "directional_accuracy": 47.55424840280318
  },
  "test": {
    "rmse": 2.578491966988915,
    "mae": 1.6000840233012268,
    "mape": 43967957.89379562,
    "r2_score": -0.00659247876043656,
    "directional_accuracy": 51.48355321020228
  }
}