{
  "train": {
    "auc": 0.7586621404306925,
    "accuracy": 68.81992795039662,
    "precision": 0.6669632637851116,
    "recall": 0.7565595089695867,
    "f1_score": 0.7089418012942028,
    "log_loss": 0.681937422002246
  },
  "val": {
    "auc": 0.5490366546677451,
    "accuracy": 56.98967099152853,
    "precision": 0.5508228284956588,
    "recall": 0.589498853077252,
    "f1_score": 0.5695049579326923,
    "log_loss": 0.6920116278489131
  },
  "test": {
    "auc": 0.4810087655731173,
    "accuracy": 50.31486367634125,
    "precision": 0.5154423586011821,
    "recall": 0.5827661609949433,
    "f1_score": 0.547040674291359,
    "log_loss": 0.6942384161320578
  }
}