{
  "train": {
    "rmse": 0.04455104961256883,
    "mae": 0.03182121020604683,
    "r2_score": -2.220446049250313e-16
  },
  "val": {
    "rmse": 0.048914706584387055,
    "mae": 0.048914706584387055,
    "r2_score": NaN
  },
  "test": {
    "rmse": 0.050905786190971136,
    "mae": 0.04945134098334664,
    "r2_score": -0.059688331607893996
  }
}