{
  "rmse": 1.7823452713819292,
  "mae": 1.2610434841422136,
  "r2_score": 0.2786906795534665,
  "explained_variance": 0.2787668073469757,
  "mape": 132.6353328755608
}