{
  "train": {
    "auc": 0.8168046748143113,
    "accuracy": 73.2776556514084,
    "precision": 0.7424885908302709,
    "recall": 0.7291319743996147,
    "f1_score": 0.7357496694356048,
    "log_loss": 0.5301600769658641
  },
  "val": {
    "auc": 0.5310644900336711,
    "accuracy": 49.75816419755298,
    "precision": 0.5009159554979671,
    "recall": 0.39914552736982645,
    "f1_score": 0.4442771233541714,
    "log_loss": 0.7027055402726542
  },
  "test": {
    "auc": 0.5330831809506648,
    "accuracy": 52.92418481546667,
    "precision": 0.5243156840213324,
    "recall": 0.6371252875518041,
    "f1_score": 0.5752419436306697,
    "log_loss": 0.7190499802497483
  }
}