{
  "train": {
    "auc": 0.864974395655187,
    "accuracy": 77.99115060100675,
    "precision": 0.7925752922656069,
    "recall": 0.7702059466725518,
    "f1_score": 0.7812305242459624,
    "log_loss": 0.46009245624201545
  },
  "val": {
    "auc": 0.5437155954834554,
    "accuracy": 54.00462175089121,
    "precision": 0.5512550744968012,
    "recall": 0.4617000445037828,
    "f1_score": 0.5025187940788964,
    "log_loss": 0.7126441153003495
  },
  "test": {
    "auc": 0.5318777542357265,
    "accuracy": 52.414540536425235,
    "precision": 0.5197079870729455,
    "recall": 0.6448679275682739,
    "f1_score": 0.5755623284853182,
    "log_loss": 0.7348707145587352
  }
}