{
  "train": {
    "rmse": 1.4701754761555819,
    "mae": 0.16897406151966451,
    "mape": 8262732.720604989,
    "r2_score": 0.8474553160591309,
    "directional_accuracy": 96.93963750721389
  },
  "val": {
    "rmse": 2.0560395445846606,
    "mae": 0.18479958879249103,
    "mape": 7987329.678926721,
    "r2_score": 0.7477428351970545,
    "directional_accuracy": 96.97703011260515
  },
  "test": {
    "rmse": 1.2771221091163996,
    "mae": 0.17417321887183596,
    "mape": 8358404.939279022,
    "r2_score": 0.8572354820775498,
    "directional_accuracy": 96.87945200132705
  }
}