{
  "rmse": 1.9648379912530782,
  "mae": 1.3857230910409732,
  "r2_score": 0.1937384792296104,
  "explained_variance": 0.1949167404310872,
  "mape": Infinity
}