{
  "rmse": 1.975957411176256,
  "mae": 1.394785084722883,
  "r2_score": 0.18458705982986534,
  "explained_variance": 0.18572325696082503,
  "mape": 131.8701299168928
}